"","treename","traitname","pcr","competence","antibodies","tip.label","clade","ord","fam","gen","adult_mass_g","brain_mass_g","adult_body_length_mm","adult_forearm_length_mm","max_longevity_d","maturity_d","female_maturity_d","male_maturity_d","age_first_reproduction_d","gestation_length_d","teat_number_n","litter_size_n","litters_per_year_n","interbirth_interval_d","neonate_mass_g","weaning_age_d","weaning_mass_g","generation_length_d","dispersal_km","density_n_km2","home_range_km2","social_group_n","dphy_invertebrate","dphy_vertebrate","dphy_plant","det_inv","det_vend","det_vect","det_vfish","det_vunk","det_scav","det_fruit","det_nect","det_seed","det_plantother","det_diet_breadth_n","upper_elevation_m","lower_elevation_m","altitude_breadth_m","habitat_breadth_n","X2.1_AgeatEyeOpening_d","X18.1_BasalMetRate_mLO2hr","X5.2_BasalMetRateMass_g","X7.1_DispersalAge_d","X22.2_HomeRange_Indiv_km2","X13.2_NeonateHeadBodyLen_mm","X10.1_PopulationGrpSize","X13.3_WeaningHeadBodyLen_mm","hibernation_torpor","fossoriality","freshwater","marine","terrestrial_non.volant","terrestrial_volant","island_dwelling","disected_by_mountains","glaciation","trophic_herbivores","trophic_omnivores","trophic_carnivores","activity_nocturnal","activity_crepuscular","activity_diurnal","forager_marine","forager_ground","forager_scansorial","forager_arboreal","forager_aerial","island_end_marine","island_end_mainland","island_end_lgbridge","island_end_isolated","biogeo_afrotropical","biogeo_antarctic","biogeo_australasian","biogeo_indomalayan","biogeo_nearctic","biogeo_neotropical","biogeo_oceanian","biogeo_palearctic","cites","ed_equal"
"1","Acinonyx","Acinonyx",1,1,0,"Acinonyx","Feliformes","Carnivora","Felidae","Acinonyx",50577.92,115.012,1490.215,NA,7482.5,741.97,598.985,456,1217.27,90.12,12,3.04,0.7,541.879,465.33,107,1940,2190,44.448,0.021,88.27,NA,0,100,0,0,100,0,0,0,0,0,0,0,0,1,4000,0,4000,4,9.03,17115,48900,465,94.38,250,NA,NA,0,1,0,0,1,0,NA,NA,NA,0,0,1,0,0,1,0,1,0,0,0,0,1,0,0,1,0,0,0,0,0,0,1,517,5.51170944997328
"2","Ailurus","Ailurus",1,1,0,"Ailurus","Caniformes","Carnivora","Ailuridae","Ailurus",4747.54,42.491,608.66,NA,6935,604.05,571.903,550,760.41,123.437,4,2,1,364.75,102.02,136.935,1140,3650,2.497,NA,1.43,NA,10,10,80,10,10,0,0,0,0,10,0,10,60,1,4800,2500,2300,1,18,838.36,5345,270,1.52,NA,NA,NA,0,1,0,0,1,0,0,0,0,1,0,0,0,1,0,0,1,0,0,0,0,1,0,0,0,0,0,1,0,0,0,1,154,26.2829786409906
"3","Allenopithecus","Allenopithecus",0,0,1,"Allenopithecus","Catarrhini","Primates","Cercopithecidae","Allenopithecus",4690,53.7,459.995,NA,10019.25,NA,1452.4,NA,1528.34,165.591,NA,1,0.931,470.453,221,106.15,NA,3723.024,2.48,NA,NA,40,50,0,50,50,0,0,0,0,0,50,0,0,0,2,NA,NA,NA,1,NA,NA,NA,NA,NA,NA,NA,NA,0,0,0,0,1,0,0,0,0,1,0,0,0,0,1,0,0,1,0,0,0,1,0,0,1,0,0,0,0,0,0,0,15,13.7164379813875
"4","Alouatta","Alouatta",1,1,0,"Alouatta","Platyrrhini","Primates","Atelidae","Alouatta",6330.555,55.442,737.605,NA,9125,1681.4915,1610.482,1103,1685.1075,187.384,NA,1.071,0.7905,486.4065,293.42,372,1100,3833.157,2.925,40.031,0.1,7.9,0,0,100,0,0,0,0,0,0,40,0,0,60,2,1160,10,1150,2,NA,2027.4,4670,NA,0.31,NA,NA,NA,0,0,0,0,1,0,0,0.555555555555556,0,1,0,0,0,0,1,0,0,0,1,0,0,1,0,0,0,0,0,0,0,0.785714285714286,0,0,814,37.763263845
"5","Apodemus","Apodemus",1,1,1,"Apodemus","Mouse-related","Rodentia","Muridae","Apodemus",27.0875,0.737,126.56,NA,1934.5,57.93,71,60.75,94.436,23.955,NA,5.18,3.085,39.973,2.3,22,8.7,572.689,0.152,1098.35,0.004,NA,20,0,80,20,0,0,0,0,0,20,0,20,40,4,2600,275,1750,2,NA,63.81,31.25,NA,0.0043683495,NA,NA,NA,0,0.904761904761905,0,0,1,0,0.142857142857143,1,0.285714285714286,0.0952380952380952,0.904761904761905,0,0.0476190476190476,0.857142857142857,0.0952380952380952,0,1,0,0,0,0,0.857142857142857,0.142857142857143,0,0,0,0,0.333333333333333,0,0,0,0.952380952380952,3213270,26.6270515732113
"6","Arvicola","Arvicola",0,0,1,"Arvicola","Mouse-related","Rodentia","Cricetidae","Arvicola",108.75,1.499,220,NA,1825,48.109,51.218,45,72.828,21.305,NA,5.08,3.21,31.978,5.43,14.761,42,596.379,0.313,57067.85,NA,NA,0,0,100,0,0,0,0,0,0,20,0,0,80,2,2400,0,2755,1,NA,113.1,97.5,NA,NA,NA,NA,NA,0,1,0.666666666666667,0,1,0,0,1,0.5,0.666666666666667,0.333333333333333,0,0,1,0,0,1,0,0,0,0,1,0,0,0,0,0,0,0,0,0,1,219,21.0525865951727
"7","Atherurus","Atherurus",0,0,1,"Atherurus","Guinea_pig-related","Rodentia","Hystricidae","Atherurus",2437.825,21.743,535.2475,NA,6656.6875,NA,461.8385,NA,561.601,106.9335,NA,1.5425,2.2235,176.7605,148.13,61.3165,NA,2061.8215,1.7235,0.6,0.12,1,0,0,100,0,0,0,0,0,0,20,0,0,80,2,3000,NA,NA,1.5,0,NA,NA,NA,0.1,180,NA,NA,0,0,0,0,1,0,0,0,0,0,1,0,1,0,0,0,1,0,0,0,0,1,0,0,0.5,0,0,0.5,0,0,0,0.5,19,59.9499370720625
"8","Balaena","Balaena",1,0,0,"Balaena","Whippomorpha","Cetartiodactyla","Balaenidae","Balaena",8e+07,6042.615,13593.56,NA,77015,6041.21,6391.56,8212,8599.95,379.9,NA,1,0.3,1641.376,9e+05,352,NA,18980,NA,NA,NA,5,100,0,0,100,0,0,0,0,0,0,0,0,0,1,NA,NA,NA,2,NA,NA,NA,NA,NA,NA,NA,NA,0,1,0,1,0,0,NA,NA,NA,0,0,1,0,1,0,1,0,0,0,0,1,0,0,0,0,0,0,0,1,0,0,1,141,19.6056083545641
"9","Bos","Bos",1,1,1,"Bos","Ruminantia","Cetartiodactyla","Bovidae","Bos",683333.335,441.956,3000,NA,9563,755.15,746.916,550,825,274.766,NA,1,0.998,470.279,18000,210.101,NA,3285,38.402,0.861,10.04,40,0,0,100,0,0,0,0,0,0,0,0,0,100,1,2800,0,2100,2,NA,NA,NA,NA,NA,NA,21,NA,0,1,0,0,1,0,NA,NA,NA,1,0,0,0,0.2,0.8,0,1,0,0,0,0,1,0,0,0,0,0,0.6,0,0,0,0.4,15906,15.427802716082
"10","Bubalus","Bubalus",1,1,0,"Bubalus","Ruminantia","Cetartiodactyla","Bovidae","Bubalus",224928.085,394.465,2015.0195,NA,10775.8325,755.15,748.8625,730,866.549,297.495,NA,1.007,1,435.8925,37500,215.928,NA,3102.5,20.8235,1.06,3.63,1,0,0,100,0,0,0,0,0,0,0,0,0,100,1,1650,0,1550,2,NA,NA,NA,1095,NA,NA,11,NA,0,1,0.25,0,1,0,0.666666666666667,0,0,1,0,0,0,1,0,0,1,0,0,0,0,0.166666666666667,0.166666666666667,0.666666666666667,0,0,0.333333333333333,0.333333333333333,0,0,0,0,7926,15.427802968582
"11","Callithrix","Callithrix",1,1,0,"Callithrix","Platyrrhini","Primates","Callitrichidae","Callithrix",294.9075,7.9745,300,NA,8318.958,429.5,477,382,621,144,NA,2.18,2,164.287,27.12,62,96.8,2189.8665,0.5415,31.5265,0.06,7.275,20,10,70,20,0,0,0,10,0,30,40,0,0,3,1274,500,774,2,NA,152,190,NA,NA,NA,NA,NA,0,0,0,0,1,0,0,0.166666666666667,0,0,1,0,0,0,1,0,0,0,1,0,0,1,0,0,0,0,0,0,0,1,0,0,4828,18.79708631095
"12","Camelus","Camelus",1,1,0,"Camelus","Camelidae","Cetartiodactyla","Camelidae","Camelus",454500,651,3450,NA,14600,1639.27,1265.1245,1734.5,1555.81,396.125,NA,1,0.6,669.8935,36187.7975,395.964,253484,5381.7425,30.6785,0.76,196.32,8.1,0,0,100,0,0,0,0,0,0,0,0,0,100,1,NA,NA,NA,1,NA,40293,407000,NA,NA,NA,11,NA,0,1,0,0,1,0,NA,NA,NA,1,0,0,0,0,1,0,1,0,0,0,0,1,0,0,0,0,0,0,0,0,0,0.5,5093,36.5739324133125
"13","Canis","Canis",1,0,1,"Canis","Caniformes","Carnivora","Canidae","Canis",12284.215,85.4035,953.93,NA,6862,372.065,389.0435,304,399.175,62.675,8,4.08,1.075,364.75,207.5,65.5235,3383.5,2075.6955,22.1895,0.5695,8.065,NA,5,90,5,5,55,0,0,0,10,0,0,0,0,1,3000,0,3000,4.5,11.94,7476.6,21775,255,8.92,NA,NA,NA,0,1,0,0,1,0,0,0.8,0.2,0,0.375,0.625,0.125,0.875,0,0,1,0,0,0,0,1,0,0,0.444444444444444,0,0,0.222222222222222,0.333333333333333,0.222222222222222,0,0.333333333333333,11617,16.6448941152312
"14","Capra","Capra",1,0,0,"Capra","Ruminantia","Cetartiodactyla","Bovidae","Capra",69546.83,152.627,1695,NA,8139.5,966.5,797,1090.5,730,164.253,3,1.18,0.89,517.895,2791.43,182.616,15691.695,2555,10.928,5.825,49.47,NA,0,0,100,0,0,0,0,0,0,0,0,0,100,1,3500,550,3200,3,NA,NA,NA,NA,0.51,NA,11,NA,0,1,0,0,1,0,0,0.166666666666667,0,1,0,0,0,1,0,0,1,0,0,0,0,1,0,0,0.222222222222222,0,0,0.333333333333333,0,0,0,0.888888888888889,41480,24.5941170068641
"15","Castor","Castor",1,1,0,"Castor","Mouse-related","Rodentia","Castoridae","Castor",19464.1675,45.115,771.8915,NA,10658,848.815,820.31,639,847.6575,110.532,4,3.3175,1,364.875,487.0525,60.989,4199.995,2975.8625,5.4245,0.6,0.06,5.1,0,0,100,0,0,0,0,0,0,0,0,0,100,1,850,0,850,2,0.5,NA,NA,729.99,0.05,NA,NA,NA,0,1,1,0,1,0,0,1,1,1,0,0,0,1,0,0,1,0,0,0,0,1,0,0,0,0,0,0,0.5,0,0,0.5,5177,67.529949851125
"16","Ceratotherium","Ceratotherium",0,1,0,"Ceratotherium","Perissodactyla","Perissodactyla","Rhinocerotidae","Ceratotherium",2230000,1344.886,3393.405,NA,18250,2741.23,2026.125,1643,2463.75,515,NA,1,0.42,987.449,51166.67,365,274482.35,6865.346,73.599,0.776,19.09,NA,0,0,100,0,0,0,0,0,0,0,0,0,100,1,NA,NA,NA,3,NA,NA,NA,902.99,19,NA,3.75,NA,0,1,0,0,1,0,0,1,0,1,0,0,0,1,0,0,1,0,0,0,0,1,0,0,1,0,0,0,0,0,0,0,250,24.6088726719063
"17","Cercocebus","Cercocebus",0,0,1,"Cercocebus","Catarrhini","Primates","Cercopithecidae","Cercocebus",7775,96.203,699,NA,16790,1535.987,1535.987,NA,1705.85,169.863,NA,1.005,0.95,445.37,527.17,365.232,2170,3882.029,3.275,24.5,0.51,30.925,11,2,87,15,0,0,0,5,0,70,0,0,0,2,1000,0,950,1,NA,NA,NA,NA,NA,NA,23.55,NA,0,0,0,0,1,0,0,0,0,0.285714285714286,0.714285714285714,0,0,0,1,0,0,0,1,0,0,1,0,0,1,0,0,0,0,0,0,0,569,13.0108894736875
"18","Cercopithecus","Cercopithecus",1,0,1,"Cercopithecus","Catarrhini","Primates","Cercopithecidae","Cercopithecus",3800,62.375,480,NA,11388,1684.59,1572.295,2114,1798.334,170.741,NA,1,0.52,608.216,339,363.965,1640,4000.218,2.209,36.092,0.695,15,20,10,70,20,0,0,0,10,0,50,0,10,10,2,2000,0,130,1,NA,3455.75,8650,NA,0.305,NA,13.9,NA,0,0,0,0,1,0,0,0.181818181818182,0,0.0526315789473684,0.947368421052632,0,0,0,1,0,0,0,1,0,0,1,0,0,0.85,0,0,0,0,0,0,0,42821,9.70930228710375
"19","Chinchilla","Chinchilla",0,0,1,"Chinchilla","Guinea_pig-related","Rodentia","Chinchillidae","Chinchilla",488.7475,5.6605,323.75,NA,7300,234.905,240.872,241.76,296.7395,112.1025,6,1.7175,2,127.3635,39.27,52.7475,NA,1825,0.715,770,NA,NA,0,0,100,0,0,0,0,0,0,0,0,0,100,1,3825,1700,2125,2,0,282.1,403,NA,NA,NA,100,NA,0,1,0,0,1,0,NA,NA,NA,1,0,0,0,1,0,0,1,0,0,0,0,1,0,0,0,0,0,0,0,1,0,0,3897,59.9499410370625
"20","Chlorocebus","Chlorocebus",1,0,1,"Chlorocebus","Catarrhini","Primates","Cercopithecidae","Chlorocebus",5104.25,68.0755,660,NA,16790,1571.93,1318.86,1825,1486.85,167.99,NA,1,1,434.053,325.895,212.748,1036.25,4206.941,2.598,57.3885,NA,NA,20,10,75,20,0,0,0,20,0,40,0,0,20,3,1950,0,2000,3,NA,NA,NA,NA,NA,NA,NA,NA,0,0,0,0,1,0,0,1,0,0.166666666666667,0.833333333333333,0,0,0,1,0,0,1,0,0,0,1,0,0,1,0,0,0,0,0,0,0,41797,9.70930176636375
"21","Colobus","Piliocolobus",0,0,1,"Piliocolobus","Catarrhini","Primates","Cercopithecidae","Piliocolobus",8030.75,75.198,618.6125,NA,11285.783,1490.147,1490.147,NA,1661.71,171.355,NA,1,0.5185,652.649,NA,665.94,NA,3756.5595,3.334,139.168,0.05,24.5,0,0,100,0,0,0,0,0,0,20,0,5,75,2,755,25,730,1,NA,NA,NA,NA,0.71,NA,33.6,NA,0,0,0,0,1,0,NA,NA,NA,1,0,0,0,0,1,0,0,0,1,0,0,0.923076923076923,0.0769230769230769,0,0.722222222222222,0,0,0,0,0,0,0,471,18.576412106975
"22","Cricetomys","Cricetomys",1,0,1,"Cricetomys","Mouse-related","Rodentia","Nesomyidae","Cricetomys",1400,6.57,406.32,NA,3066,161.92,161.92,NA,195.92,34,NA,3.11,3.75,69.073,23.1,31.045,NA,1040.306,1.33,0.6,NA,NA,40,0,60,40,0,0,0,0,0,30,0,20,10,3,2000,0,2000,3,23,1022.38,1521.4,NA,NA,78,NA,NA,0,1,0,0,1,0,0,1,0,0,1,0,1,0,0,0,1,0,0,0,0,1,0,0,1,0,0,0,0,0,0,0,138,59.3260253875625
"23","Crocidura","Crocidura",1,0,0,"Crocidura","Soricidae","Eulipotyphla","Soricidae","Crocidura",10.42,0.3605,85.9965,NA,494.5695,75,153.292,75,184.8365,27.0335,NA,3.2925,3.0625,65.0615,0.88,23.1225,7.7,462.799,0.6945,241.37,0,1,50,50,0,50,0,10,0,0,40,0,0,0,0,2,1920,327.5,1000,1,10,29.83,12.8,NA,0.000235,29.49,NA,NA,0.0106382978723404,1,0,0,1,0,0.037037037037037,0.407407407407407,0,0,0.0265957446808511,0.973404255319149,1,0,0,0,1,0,0,0,0,0.779661016949153,0.0847457627118644,0.135593220338983,0.551020408163265,0,0.0459183673469388,0.255102040816327,0,0,0,0.158163265306122,328,70.40394834622
"24","Cynomys","Cynomys",1,0,0,"Cynomys","Squirrel-related","Rodentia","Sciuridae","Cynomys",864.04,5.808,318.745,NA,2339.042,404.565,568.347,730,598.737,30.39,9,4.5,1,435.658,15.75,36.65,140.57,1362.261,0.978,1399.8415,0.007,5.89,0,0,100,0,0,0,0,0,0,0,0,0,100,1,3180,1665,1515,2,33.375,422.67,1112.3,524.89,0.0260686325,NA,40,NA,1,1,0,0,1,0,0,0.666666666666667,0,0.8,0.2,0,0,0,1,0,1,0,0,0,0,1,0,0,0,0,0,0,1,0,0,0,6124,18.2736127404906
"25","Delphinus","Delphinus",1,0,0,"Delphinus","Whippomorpha","Cetartiodactyla","Delphinidae","Delphinus",77818.345,754.827,2519.995,NA,10594.125,1867.448,1624.2415,4017.75,2021.672,306.35,NA,0.99,0.42,983.468,7059.825,340.946,39999.995,4282.5795,NA,NA,NA,NA,80,20,0,80,0,0,20,0,0,0,0,0,0,2,NA,NA,NA,2,NA,NA,NA,NA,NA,NA,682.5,NA,0,1,0,1,0,0,NA,NA,NA,0,0,1,0,1,0,1,0,0,0,0,1,0,0,0,0,0,0,0,0,0,0,0,736,3.15269989519025
"26","Diceros","Diceros",0,1,0,"Diceros","Perissodactyla","Perissodactyla","Rhinocerotidae","Diceros",995940.54,790.5,3299.995,NA,17973.208,2199.16,1826,2254,2053.12,474,NA,1,0.4,1053.463,34999.99,606.285,426865.48,6205,47.243,0.142,11.48,1,0,0,100,0,0,0,0,0,0,0,0,0,100,1,NA,NA,NA,3,NA,NA,NA,NA,13.24,NA,1,NA,0,1,0,0,1,0,0,1,0,1,0,0,0,1,0,0,1,0,0,0,0,1,0,0,1,0,0,0,0,0,0,0,217,24.6088726719063
"27","Didelphis","Didelphis",0,1,0,"Didelphis","Didelphimorphia","Didelphimorphia","Didelphidae","Didelphis",1090.1725,5.913,378.52,NA,1587.75,270.615,249.84,240.75,259.84,12.1725,13,6.7725,1.75,210.7905,0.18,108.25,95.955,612.838,1.1115,72.5,0.17,1,20,60,20,20,0,0,0,30,30,0,0,0,20,4,2775,30,2245,2.5,NA,665.205,2140.25,107.5,0.14,13.8,NA,195.2,0,0,0,0,1,0,0,1,0.25,0,1,0,1,0,0,0,0,1,0,0,0,1,0,0,0,0,0,0,0.166666666666667,1,0,0,1352,101.4142213165
"28","Elephas","Elephas",1,1,0,"Elephas","Afrotheria","Proboscidea","Elephantidae","Elephas",2724217.55,3053.715,4338.016,NA,22786.188,4014.43,2922.0555,3287,3221.435,543.674,2,1.1505,0.329,1105.6665,100038.9,566.285,NA,7603.474,74.9275,1.298,38.36,7.75,0,0,100,0,0,0,0,0,0,0,0,0,100,1,3000,0,3000,3,0,NA,NA,NA,28.08,NA,NA,NA,0,1,0,0,1,0,0,0,0,1,0,0,0,1,0,0,1,0,0,0,0,0.625,0.125,0.25,0,0,0,0.125,0,0,0,0,707,54.41554376595
"29","Equus","Equus",1,1,1,"Equus","Perissodactyla","Perissodactyla","Equidae","Equus",256250,518.7875,2452.8525,NA,14243.102,963.17,992.677,1187,1168.488,352.421,2,1,0.6645,550.462,34034.3175,329.712,117097.78,3582.3325,22.6805,2.665,71.805,13,0,0,100,0,0,0,0,0,0,0,0,0,100,1,2300,0,2100,3,NA,NA,NA,655.29,6.88,1000,3.5,NA,0,1,0,0,1,0,0,0.5,0,1,0,0,0,1,0,0,1,0,0,0,0,1,0,0,0.4,0,0,0,0,0,0,0.3,1740,56.300615626425
"30","Eubalaena","Eubalaena",1,0,0,"Eubalaena","Whippomorpha","Cetartiodactyla","Balaenidae","Eubalaena",2.3e+07,5272.364,17603.54,NA,24455,3285,3347.96,3103.125,3467.5,350.007,NA,1,0.29,1451.506,797164,224.24,5e+06,9855,NA,NA,NA,4.75,100,0,0,100,0,0,0,0,0,0,0,0,0,1,NA,NA,NA,2,NA,NA,NA,NA,NA,5299.995,NA,6994.995,0,1,0,1,0,0,NA,NA,NA,0,0,1,0,1,0,1,0,0,0,0,1,0,0,0,0.333333333333333,0.333333333333333,0.333333333333333,0,0.666666666666667,0.333333333333333,0,0.666666666666667,169,19.6056102344641
"31","Eumetopias","Eumetopias",1,0,0,"Eumetopias","Caniformes","Carnivora","Otariidae","Eumetopias",382466.74,685.055,2971.355,NA,11972,1965.83,1803.125,2420,2420,308.05,NA,1,1,364.75,18625,351,106610,3650,NA,NA,NA,NA,0,100,0,0,0,0,100,0,0,0,0,0,0,1,5,NA,NA,4,0,NA,NA,NA,NA,NA,NA,NA,0,1,0,1,1,0,NA,NA,NA,0,1,0,0,1,0,1,0,0,0,0,0,1,0,0,0,0,0,0,1,0,0,1,186,36.9967031796625
"32","Felis","Felis",1,1,1,"Felis","Feliformes","Carnivora","Felidae","Felis",5036.54,37.931,624.255,NA,7300,305.916,307.832,304,365,64.719,6,3.69,2.02,131.035,100.935,81.505,636.895,1903.782,14.354,0.36,1.29,NA,0,100,0,0,80,10,0,0,0,0,0,0,0,1,2250,0,2250,3,11.445,3184.2,4485,140,1.36,NA,NA,NA,0,1,0,0,1,0,0,1,0,0,0,1,0,1,0,0,1,0,0,0,0,1,0,0,0.6,0,0,0.2,0,0,0,0.6,140945,7.44211170302656
"33","Funisciurus","Funisciurus",1,1,1,"Funisciurus","Squirrel-related","Rodentia","Sciuridae","Funisciurus",192.865,3.574,180.2085,NA,2536.587,NA,312.97,NA,350.013,54.392,NA,1.8,1.6565,112.701,9.91,50.102,NA,1213.2905,0.4285,1000,0.003,NA,10,0,90,10,0,0,0,0,0,40,0,50,0,2,1650,0,1650,1,18,98.755,103.65,NA,NA,NA,NA,NA,0,0.1,0,0,1,0,0,0.333333333333333,0,0.4,0.6,0,0,1,0,0,0,0,1,0,0,1,0,0,1,0,0,0,0,0,0,0,12,32.0543106678313
"34","Gerbilliscus","Gerbilliscus",0,1,0,"Gerbilliscus","Mouse-related","Rodentia","Muridae","Gerbilliscus",113,1.699,200,NA,1499.2135,98.979,103.68,99,127.765,25.4435,NA,4.294,2.9385,71.2695,4.905,26.896,30,638.817,0.32,642.18,0.001,NA,20,0,80,20,0,0,0,0,0,0,0,20,60,3,1500,0,1500,3,20,183.42,113.25,NA,0.00069045,45,NA,NA,0,1,0,0,1,0,0,0.6,0,0,1,0,1,0,0,0,1,0,0,0,0,1,0,0,0.916666666666667,0,0,0,0,0,0,0.0833333333333333,17,36.4547657878453
"35","Gorilla","Gorilla",0,0,1,"Gorilla","Catarrhini","Primates","Hominidae","Gorilla",133028.7475,464.9665,1672.22,NA,20221,3835.3615,2960.03,4746.875,3499.03,257,NA,1.0025,0.3,1420.7085,2074.75,921.025,12595,7665,15.6075,1.002,4.03,6,0,0,100,0,0,0,0,0,0,10,0,0,90,1,2850,300,2550,1,NA,NA,NA,5248.98,NA,NA,10,NA,0,1,0,0,1,0,0,0,0,1,0,0,0,0,1,0,1,0,0,0,0,1,0,0,1,0,0,0,0,0,0,0,3274,16.469061000425
"36","Grampus","Grampus",1,0,0,"Grampus","Whippomorpha","Cetartiodactyla","Delphinidae","Grampus",425000,2551,4000,NA,15512.5,2526.32,3652.5,3652.5,4017.616,365.116,NA,1,0.417,1009.967,20000,456.6,NA,7300,NA,NA,NA,NA,50,50,0,50,0,0,50,0,0,0,0,0,0,2,NA,NA,NA,1,NA,NA,NA,NA,NA,NA,10,NA,0,1,0,1,0,0,NA,NA,NA,0,0,1,0,1,0,1,0,0,0,0,1,0,0,0,1,0,1,1,1,1,1,1,130,13.089190577422
"37","Heliosciurus","Heliosciurus",0,0,1,"Heliosciurus","Squirrel-related","Rodentia","Sciuridae","Heliosciurus",308.75,5.3155,216.695,NA,2785.68,NA,337.429,NA,375.838,49.633,NA,2.8525,1.6605,132.395,NA,50.582,NA,1254.281,0.5555,NA,NA,2,20,20,60,20,0,0,0,20,0,30,0,30,0,4,2000,800,1700,1.5,NA,133.4,230,NA,NA,NA,NA,NA,0,0,0,0,1,0,0,0.666666666666667,0,0,1,0,0,1,0,0,0,1,0,0,0,1,0,0,1,0,0,0,0,0,0,0,12,32.0543081852312
"38","Homo","Homo",1,1,1,"Homo","Catarrhini","Primates","Hominidae","Homo",69017.5,401.1335,1283.8825,NA,18700.0425,5582.93,2666.9095,5110,2925.4095,243.972,NA,1.042,0.4665,839.8065,3312.5,641.4895,11750,6150.3815,15.295,NA,NA,NA,6,31.5,62.5,NA,NA,NA,NA,NA,NA,NA,NA,NA,NA,1,NA,NA,NA,NA,NA,NA,NA,NA,NA,NA,NA,NA,0,0.25,0,0,1,0,NA,NA,NA,0,1,0,0,0,1,0,0.333333333333333,0,0.666666666666667,0,0,0.75,0,0.25,0,0,0,0,0,0,0,0,20301659,10.9220776504125
"39","Hylobates","Hylobates",1,0,0,"Hylobates","Catarrhini","Primates","Hylobatidae","Hylobates",5909.81,90.935,590,NA,20805,2337.031,2849.063,1825,3066.063,216.243,NA,1,0.5,1031.129,316.455,600.502,1070,5475,2.816,10.74,0.245,3.2,10,0,90,10,0,0,0,0,0,70,0,0,20,2,1500,0,1400,1,NA,NA,NA,NA,0.3,NA,4,NA,0,0,0,0,1,0,0.6,0.8,0,0.222222222222222,0.777777777777778,0,0,0,1,0,0,0,1,0,0,0.428571428571429,0.428571428571429,0.142857142857143,0,0,0,1,0,0,0,0,1128,26.32297607025
"40","Lama","Lama",1,1,0,"Lama","Camelidae","Cetartiodactyla","Camelidae","Lama",112500,255.857,1747.55,NA,22435.333,676.66,676.66,730,700,337.55,NA,1,0.685,547.375,9999.995,213.026,29000,4064.145,14.238,0.67,NA,NA,0,0,100,0,0,0,0,0,0,0,0,0,100,1,5000,0,5000,2,NA,NA,NA,NA,NA,NA,NA,NA,0,1,0,0,1,0,NA,NA,NA,1,0,0,0,0,1,0,1,0,0,0,0,1,0,0,0,0,0,0,0,1,0,0,3434,18.8543909150562
"41","Leontocebus","Leontocebus",0,1,0,"Leontocebus","Platyrrhini","Primates","Callitrichidae","Leontocebus",393.99,8.275,310,NA,9088.5,406.61,546,730,850.45,148,NA,1.8,1,247.58,39.6,91,175,3218.314,0.635,23.212,0.2,6,34.5,7,58.5,40,0,0,0,0,0,30,30,0,0,3,NA,NA,NA,1,NA,NA,NA,NA,NA,NA,NA,NA,0,0,0,0,1,0,0,0,0,0,1,0,0,0,1,0,0,0,1,0,0,1,0,0,0,0,0,0,0,0.181818181818182,0,0,6177,12.161996535375
"42","Leopardus","Leopardus",0,1,0,"Leopardus","Feliformes","Carnivora","Felidae","Leopardus",3600,33.33,694.205,NA,7993.5,678.64,581.834,600,730,74.784,NA,2.02,1.826,231.915,157.42,69.258,2092.55,2190,11.044,0.165,6.81,NA,0,100,0,0,100,0,0,0,0,0,0,0,0,1,3313,0,3313,3,11.735,2300.7,7580.835,758.99,6.695,NA,NA,NA,0,0.888888888888889,0,0,1,0,0,1,0,0,0.111111111111111,0.888888888888889,0.333333333333333,0.666666666666667,0,0,0.555555555555556,0.333333333333333,0.111111111111111,0,0,1,0,0,0,0,0,0,0.111111111111111,0.888888888888889,0,0,307,5.87526000071328
"43","Leptailurus","Leptailurus",0,0,1,"Leptailurus","Feliformes","Carnivora","Felidae","Leptailurus",11999.96,59.027,916.255,NA,8395,887.95,821,NA,851.66,71.829,4,2.35,2.5,179.127,254,127.831,NA,3018.059,21.964,NA,1.84,NA,0,100,0,0,100,0,0,0,0,0,0,0,0,1,3800,NA,NA,4,9.03,258.06,1012,NA,1.95,NA,NA,NA,0,1,1,0,1,0,0,1,0,0,0,1,1,0,0,0,1,0,0,0,0,1,0,0,1,0,0,0,0,0,0,1,33,14.9479353415063
"44","Loxodonta","Loxodonta",1,1,0,"Loxodonta","Afrotheria","Proboscidea","Elephantidae","Loxodonta",4565000,5277,7500,NA,29200,4977.64,4253.807,3650,3467.5,669.68,2,1,0.21,1735.311,105000,1088.8,6e+05,9125,109.144,0.561,587.53,11.45,0,0,100,0,0,0,0,0,0,5,0,0,95,1,NA,NA,NA,NA,0,NA,NA,NA,1284.09,1198.63,NA,NA,0,1,0,0,1,0,0,1,0,1,0,0,0,1,0,0,1,0,0,0,0,1,0,0,1,0,0,0,0,0,0,0,3083,54.41554376595
"45","Lynx","Lynx",1,0,1,"Lynx","Feliformes","Carnivora","Felidae","Lynx",9953.91,65.7625,990.32,NA,9782,672.9,587.337,867,641.575,66.2475,NA,2.515,1,364.75,258,93.461,1860,3365.0985,20.0395,0.083,30.9,NA,0,100,0,0,100,0,0,0,0,0,0,0,0,1,3905,0,3905,4,11.94,2665.2,6200,302.495,33.075,NA,NA,NA,0,1,0,0,1,0,0,0.75,0.5,0,0,1,1,0,0,0,1,0,0,0,0,1,0,0,0,0,0,0,0.5,0,0,0.5,1136,7.30474563812656
"46","Macaca","Macaca",1,1,1,"Macaca","Catarrhini","Primates","Cercopithecidae","Macaca",7494.695,93.6225,649.5,NA,13249.5,1460.77,1461.089,1369,1645.1045,172,NA,1,0.8,514.221,461,344.724,1416.5,4745,3.235,15.9715,1.155,21,10,0,90,10,0,0,0,0,0,30,0,20,40,3,2100,25,2300,1,NA,2239,6225,NA,0.86,NA,24.85,NA,0,0,0,0,1,0,0.5,0.428571428571429,0,0.272727272727273,0.681818181818182,0.0454545454545455,0,0,1,0,0,1,0,0,0,0.5,0.0909090909090909,0.409090909090909,0,0,0.318181818181818,0.636363636363636,0,0,0,0.227272727272727,78411,13.0108877281875
"47","Malacomys","Malacomys",1,0,0,"Malacomys","Mouse-related","Rodentia","Muridae","Malacomys",95.64,1.44,190,NA,1002.21,NA,101.493,NA,130.815,30.084,NA,2.91,3.154,47.306,NA,26.715,NA,638.358,0.292,155.03,0.003,NA,50,0,50,50,0,0,0,0,0,20,0,20,10,3,2230,NA,NA,1,NA,NA,NA,NA,0.003633282,NA,NA,NA,0,1,0,0,1,0,0,0.5,0,0,1,0,1,0,0,0,1,0,0,0,0,1,0,0,1,0,0,0,0,0,0,0,11,26.6270515722113
"48","Marmota","Marmota",1,0,0,"Marmota","Squirrel-related","Rodentia","Sciuridae","Marmota",3967.365,14.403,600,NA,5501.409,847.896,889.8575,730,941.885,33.675,10,4.575,1,729.5,31.495,37.5,363.415,2088.318,2.261,71.8,0.01,3,0,0,100,0,0,0,0,0,0,30,0,30,40,3,3400,950,1805,2,NA,1008.72,2650,714.87,0.01,100,NA,210,1,1,0,0,1,0,0,0.714285714285714,0.285714285714286,0.857142857142857,0.142857142857143,0,0,0,1,0,1,0,0,0,0,0.928571428571429,0.0714285714285714,0,0,0,0,0,0.428571428571429,0,0,0.571428571428571,1280,28.4375426507813
"49","Mephitis","Mephitis",1,1,0,"Mephitis","Caniformes","Carnivora","Mephitidae","Mephitis",1990.6875,10.8745,391.65,NA,4130.5835,355.18,336.684,335,397.3535,61.268,12,4.72,1.4425,295.1475,33.19,58.505,493.5,1632.128,1.5,8.15,2.32,NA,20,30,50,20,30,0,0,0,0,20,0,10,20,4,2120,0,2120,4.5,21.98,638.4,2400,84,2.18,NA,NA,NA,0,1,0,0,1,0,0,1,0,0,1,0,0.5,0.5,0,0,1,0,0,0,0,1,0,0,0,0,0,0,0.5,0.5,0,0,596,30.1213750302812
"50","Meriones","Meriones",0,1,1,"Meriones","Mouse-related","Rodentia","Muridae","Meriones",91.33,1.41,154.53,NA,1700.292,75.485,91.091,82,119.024,25.09,NA,4.446,3.104,46.429,3.5125,24.116,25,597.618,0.284,7346.43,0,NA,20,0,80,20,0,0,0,0,0,10,0,20,50,3,1950,800,400,2,14.25,99.4,72.3,NA,0.000116035,NA,NA,NA,0.0588235294117647,1,0,0,1,0,0,0.833333333333333,0,0.294117647058824,0.705882352941177,0,0.235294117647059,0.647058823529412,0.117647058823529,0,1,0,0,0,0,1,0,0,0.117647058823529,0,0,0.117647058823529,0,0,0,1,10804,24.4109394532027
"51","Micromys","Micromys",1,0,0,"Micromys","Mouse-related","Rodentia","Muridae","Micromys",7.18,0.29,67,NA,1825,37.37,40,37,52,20,NA,5.15,2.6,20.986,0.9,17.957,NA,502.66,0.07,NA,NA,NA,30,0,70,30,0,0,0,0,0,0,0,40,30,3,1700,0,1700,6,8,21.07,7.37,NA,NA,NA,NA,NA,0,1,0,0,1,0,0,1,1,0,1,0,0,1,0,0,1,0,0,0,0,1,0,0,0,0,0,1,0,0,0,1,88,31.5316704832227
"52","Microtus","Microtus",1,1,1,"Microtus","Mouse-related","Rodentia","Cricetidae","Microtus",38.984,0.756,128.572,NA,981.987,37.635,55.682,56,79.248,21.997,6,4.028,3.98,26.028,2.385,21.736,10.485,402.052,0.178,1948.7,0.001,2.75,0,0,100,0,0,0,0,0,0,0,0,20,80,2,2125,175,1680,2,10.25,79.72,32.25,NA,0.000663792,32.49,NA,NA,0,1,0.0151515151515152,0,1,0,0,0.724137931034483,0.344827586206897,0.955223880597015,0.0447761194029851,0,0,1,0,0,1,0,0,0,0,0.939393939393939,0.0303030303030303,0.0303030303030303,0,0,0,0.0298507462686567,0.283582089552239,0.0746268656716418,0,0.671641791044776,131841,21.0525840456727
"53","Monodelphis","Monodelphis",1,0,0,"Monodelphis","Didelphimorphia","Didelphimorphia","Didelphidae","Monodelphis",55.2,1.345,123.172,NA,1359.573,174.65,287.777,151,316.004,16.68,25,7.67,1.772,188.575,0.095,73.71,20.65,704.799,0.245,200,0.001,1,20,40,40,20,20,0,0,0,20,20,0,20,0,5,1250,110,1090,1,NA,64.695,98.75,NA,0.000463036,8.99,NA,NA,0.0588235294117647,0.823529411764706,0,0,1,0,0.0833333333333333,0.416666666666667,0,0,0.764705882352941,0.235294117647059,1,0,0,0,1,0,0,0,0,1,0,0,0,0,0,0,0,0.941176470588235,0,0,789,101.4142220088
"54","Mungos","Mungos",1,0,0,"Mungos","Feliformes","Carnivora","Herpestidae","Mungos",1488.24,12.0615,403.025,NA,4162.521,349.33,338.964,NA,334.5,60.3045,6,2.9265,1.95,300.483,24.2,36.928,NA,1497.11,7.887,16.98,1.66,NA,80,20,0,80,0,0,0,20,0,0,0,0,0,2,1600,NA,NA,1.5,9.97,NA,NA,NA,2.16,99.49,NA,NA,0,1,0,0,1,0,0,0.5,0,0,0,1,0,1,0,0,1,0,0,0,0,1,0,0,1,0,0,0,0,0,0,0,531,41.385964442005
"55","Mus","Mus",1,1,1,"Mus","Mouse-related","Rodentia","Muridae","Mus",17.7,0.481,95,NA,1407.62,68.5,74.355,63,97.245,21.61,10,4.24,3.605,32.933,1.25,24.464,6.725,498.582,0.119,814.02,5e-04,NA,20,0,80,20,0,0,0,0,0,0,0,20,60,3,2000,200,1000,2,14.5,56.76,21.8,NA,0.000401661,23.74,NA,49.99,0,0.948717948717949,0,0,1,0,0,0.75,0,0.0512820512820513,0.923076923076923,0.0256410256410256,1,0,0,0,1,0,0,0,0,0.871794871794872,0.102564102564103,0.0256410256410256,0.461538461538462,0,0.0256410256410256,0.435897435897436,0.0256410256410256,0.0256410256410256,0.0256410256410256,0.205128205128205,18035,30.6234283581227
"56","Myodes","Myodes",1,1,0,"Myodes","Mouse-related","Rodentia","Cricetidae","Myodes",27.35,0.61,112,NA,1213.625,76.3655,81.393,72,110,21.596,NA,4.13,3.2,24.74,1.82,22.617,10,427.005,0.146,1426.09,0.001,1,20,0,80,20,0,0,0,0,0,0,0,30,50,3,2700,0,2400,2,12,59.4,21.9,NA,0.001169301,30,NA,NA,0,0.909090909090909,0,0,1,0,0.166666666666667,0.833333333333333,0.5,0.363636363636364,0.636363636363636,0,0,1,0,0,1,0,0,0,0,0.727272727272727,0.0909090909090909,0.181818181818182,0,0,0,0,0.272727272727273,0,0,0.818181818181818,131234,29.6342942728453
"57","Myrmecophaga","Myrmecophaga",0,1,0,"Myrmecophaga","Xenarthra","Pilosa","Myrmecophagidae","Myrmecophaga",29531.83,84,1512.36,NA,11506.625,1227.12,1187.004,1186,1410.49,184,NA,1,1.17,476.091,1500,56,3499.99,4124.528,34.147,0.546,4,1,100,0,0,100,0,0,0,0,0,0,0,0,0,1,NA,0,NA,5,6,2601,30600,NA,4.29,NA,1,NA,0,1,0,0,1,0,0,1,0,0,0,1,0,1,0,0,1,0,0,0,0,1,0,0,0,0,0,0,0,1,0,0,113,106.135167903
"58","Nasua","Nasua",0,0,1,"Nasua","Caniformes","Carnivora","Procyonidae","Nasua",3875,38.356,614.4075,NA,9143.25,925.43,748.955,721,1001.15,75.973,NA,3.99,1.1,364.75,141.2275,106.5,730,2886.4355,2.2325,30.1765,0.785,NA,30.5,16,53.5,10,20,0,0,0,0,70,0,0,0,2,2500,0,2500,1.5,6.5,1680.385,4120,365,0.89,NA,NA,NA,0,0.5,0,0,1,0,0,1,0,0,1,0,0,0,1,0,0,1,0,0,0,1,0,0,0,0,0,0,0.5,1,0,0,1726,20.7296606519953
"59","Okapia","Okapia",0,1,0,"Okapia","Ruminantia","Cetartiodactyla","Giraffidae","Okapia",230001.14,475,2075,NA,12227.5,947.05,726.203,790,1397.545,452.583,4,1,0.8,592.639,17375,194,77000,4764.236,21.099,0.5,4.63,1,0,0,100,0,0,0,0,0,0,0,0,0,100,1,1500,450,1050,1,NA,NA,NA,NA,6,NA,NA,NA,0,1,0,0,1,0,0,0,0,1,0,0,0,0,1,0,1,0,0,0,0,1,0,0,1,0,0,0,0,0,0,0,42,35.8874256493281
"60","Oligoryzomys","Oligoryzomys",1,0,1,"Oligoryzomys","Mouse-related","Rodentia","Cricetidae","Oligoryzomys",25.2,0.9725,171.8065,NA,1102.6525,27.72,61.215,NA,95.95,26.2285,NA,3.7975,4.523,30.0175,3.3,22.96,NA,456.4095,0.14,930.06,0.001,1,30,0,70,30,0,0,0,0,0,30,0,40,0,3,2950,700,2250,2,NA,51.01,28.2,NA,0.000819928,NA,NA,NA,0,0.8,0,0,1,0,0,0.545454545454545,0.181818181818182,0.1,0.9,0,1,0,0,0,1,0,0,0,0,0.95,0,0.05,0,0,0,0,0,1,0,0,216,28.1247129319527
"61","Oryctolagus","Oryctolagus",1,1,0,"Oryctolagus","Lagomorpha","Lagomorpha","Leporidae","Oryctolagus",1900,10.386,450,NA,6570,185.61,185.61,NA,121.66,30.596,NA,5.24,4.415,28.98,39.61,26.15,212.53,1515.354,1.509,1576.667,0.04,NA,0,0,100,0,0,0,0,0,0,0,0,0,100,1,1500,NA,NA,4,10,NA,NA,NA,0.04,NA,NA,NA,0,1,0,0,1,0,NA,NA,NA,1,0,0,1,0,0,0,1,0,0,0,0,1,0,0,1,0,0,0,0,0,0,1,1998,80.0090330925
"62","Pan","Pan",1,0,1,"Pan","Catarrhini","Primates","Hominidae","Pan",40051.725,344.417,828.38,NA,23542.5,4681.84,3462.034,2920,4297.954,232.16,2,1.0375,0.21,1550.313,1572.3925,983.438,8412.5,8212.5,8.0525,1.8615,19.39,67.5,10,0,90,10,0,0,0,0,0,60,0,5,25,2,1745,150,1595,1.5,0,9000,34150,NA,12.5,NA,67.5,NA,0,0,0,0,1,0,0,0,0,1,0,0,0,0,1,0,0,1,0,0,0,1,0,0,1,0,0,0,0,0,0,0,155202,10.9220776498125
"63","Panthera","Panthera",0,1,1,"Panthera","Feliformes","Carnivora","Felidae","Panthera",128800,236.878,2073.819,NA,10353.833,987.77,1020.645,771,1162.34,105.19,4,2.12,0.877,498.794,820,126,7500,3376.793,54.377,0.066,52.55,NA,0,100,0,0,100,0,0,0,0,0,0,0,0,1,4500,0,4500,4,8.515,27420.6,155800,619.37,63.735,NA,1,NA,0,1,0,0,1,0,0,0.333333333333333,0,0,0,1,0.142857142857143,0.857142857142857,0,0,1,0,0,0,0,1,0,0,0.285714285714286,0,0,0.571428571428571,0,0.142857142857143,0,0.571428571428571,2206,24.2442205541125
"64","Peromyscus","Peromyscus",1,1,0,"Peromyscus","Mouse-related","Rodentia","Cricetidae","Peromyscus",26.3,0.76,107,NA,1971,53.04,52.988,63,80.68,26,4,3.13,3.69,33.8995,2.315,26.7225,10.5,615.2015,0.147,775,0.0025,1,50,10,40,50,0,0,0,0,10,20,0,20,0,3,2500,700,1390.5,2,15.19,36.98,21.5,39.2,0.002672491,NA,2.8,NA,0.103448275862069,0.25,0,0,1,0,0,0.388888888888889,0.0833333333333333,0.0344827586206897,0.931034482758621,0.0344827586206897,1,0,0,0,1,0,0,0,0,0.827586206896552,0,0.172413793103448,0,0,0,0,0.603448275862069,0.620689655172414,0,0,2616,41.2938365079453
"65","Phocoena","Phocoena",1,0,0,"Phocoena","Whippomorpha","Cetartiodactyla","Phocoenidae","Phocoena",56365.46,617.997,1632.5175,NA,10331.594,745.4,1453.0805,798.99,1801.241,325.8755,NA,0.985,0.534,661.1905,6887.5,339.711,NA,4237.0595,NA,0.03,NA,50,0,100,0,0,0,0,100,0,0,0,0,0,0,1,0,0,0,2,NA,NA,NA,NA,NA,808.98,4,NA,0,1,0,1,0,0,NA,NA,NA,0,0,1,0,0,1,1,0,0,0,0,1,0,0,0,0.25,0.25,0,0,0.25,0.75,0,0.25,565,22.1591541470041
"66","Prionailurus","Prionailurus",0,1,0,"Prionailurus","Feliformes","Carnivora","Felidae","Prionailurus",4645.94,26.599,631.8115,NA,6296.25,855.31,492.52,NA,517,66.991,8,2.349,1.946,202.5725,131.93,76.606,620,2190,13.777,NA,1.87,NA,0,100,0,0,50,17.5,22.5,0,0,0,0,0,0,1.5,2140,0,2140,4,12.985,NA,NA,NA,1.76,NA,1,NA,0,1,0.5,0,1,0,0,0.5,0,0,0,1,0.75,0.25,0,0,0.5,0.5,0,0,0,1,0,0,0,0,0,1,0,0,0,0.25,104,5.87526028301328
"67","Procyon","Procyon",1,1,0,"Procyon","Caniformes","Carnivora","Procyonidae","Procyon",5075,41.653,600,NA,6935,596.325,365,365,625.28,63.914,6,3.096,1.718,251.111,75.25,91,1175,2191.955,2.59,76.5735,4.62,NA,40,30,29,40,0,20,0,0,0,20,0,20,0,4,1185,0,1185,1,20.955,2438.115,6223.43,341.245,4.9,NA,NA,NA,0,0.333333333333333,0.333333333333333,0,1,0,0,1,0,0,0.666666666666667,0.333333333333333,1,0,0,0,1,0,0,0,0,0.666666666666667,0,0.333333333333333,0,0,0,0,0.333333333333333,1,0,0,1951,20.7296598039953
"68","Puma","Puma",1,1,0,"Puma","Feliformes","Carnivora","Felidae","Puma",48000,132.843,1677.665,NA,8687,1034.61,912,912,623.54,92.3,NA,2.76,0.47,681.488,400,90,3500,2693.79,43.323,0.06,129.89,1,0,100,0,0,100,0,0,0,0,0,0,0,0,1,5800,0,5800,5,8,13300.8,51800,419.99,138.87,NA,NA,NA,0,1,0,0,1,0,0,1,0,0,0,1,0,1,0,0,1,0,0,0,0,1,0,0,0,0,0,0,0,1,0,0,4352,5.51170894077328
"69","Rattus","Rattus",1,1,0,"Rattus","Mouse-related","Rodentia","Muridae","Rattus",151.695,1.896,190,NA,1293.941,107.189,102.959,112,130.016,25.044,8,3.728,3.521,40.103,4.545,26.087,39.69,570.921,0.378,2330,0.0015,NA,30,0,70,30,0,0,0,0,0,20,0,40,10,3,2000,450,1237.5,2,18,106.59,165.7,NA,0.001749737,43.67,NA,141.48,0,0.970149253731343,0,0,1,0,0.666666666666667,0.454545454545455,0,0.0895522388059701,0.895522388059702,0.0149253731343284,1,0,0,0,1,0,0,0,0,0.358208955223881,0.253731343283582,0.388059701492537,0.0294117647058824,0,0.544117647058823,0.470588235294118,0.0147058823529412,0.0147058823529412,0.0294117647058824,0.102941176470588,1749823,31.5316734808427
"70","Rhombomys","Rhombomys",0,1,0,"Rhombomys","Mouse-related","Rodentia","Muridae","Rhombomys",214,2.564,200,NA,1642.5,108.27,106.526,105,136.02,28,NA,5,2.5,43.063,4.75,22.218,NA,562.532,0.454,NA,NA,NA,0,0,100,0,0,0,0,0,0,0,0,0,100,1,900,NA,NA,2,NA,NA,NA,NA,NA,NA,NA,NA,0,1,0,0,1,0,NA,NA,NA,1,0,0,0,1,0,0,1,0,0,0,0,1,0,0,0,0,0,0,0,0,0,1,171,24.4109397428027
"71","Saguinus","Saguinus",1,0,0,"Saguinus","Platyrrhini","Primates","Callitrichidae","Saguinus",495.665,10.7315,287.105,NA,7573.75,624.491,613.129,550,749.3825,146,NA,1.9375,1.428,214.149,41,104.456,105,2393.499,0.7205,28.533,0.175,6.125,40,0,60,40,0,0,0,0,0,30,30,0,0,3,1500,0,1500,1,NA,234,225,NA,0.235,NA,NA,NA,0,0,0,0,1,0,0,0.125,0,0,1,0,0,0,1,0,0,0,1,0,0,1,0,0,0,0,0,0,0,0.916666666666667,0,0,1116,12.161996884775
"72","Saimiri","Saimiri",1,0,0,"Saimiri","Platyrrhini","Primates","Cebidae","Saimiri",836.7,24.273,334.995,NA,11023,1399.88,1090.589,1826,1073.25,162.545,NA,1,1.07,373.869,107.5,177,410.5,3670.732,0.961,49.934,0.68,34.85,20,20,60,20,0,0,0,20,0,20,0,20,20,5,500,50,450,1,NA,738.81,850,NA,0.65,NA,25,NA,0,0,0,0,1,0,0,0.25,0,0,1,0,0,0,1,0,0,0,1,0,0,1,0,0,0,0,0,0,0,0.714285714285714,0,0,5474,19.15180424905
"73","Sapajus","Sapajus",1,1,0,"Sapajus","Platyrrhini","Primates","Cebidae","Sapajus",2642.5,69.0685,493.845,NA,16790,1760.81,1727.448,NA,1897.672,158,NA,1.05,0.6,663.546,235.54,307,1000,5553.1025,1.809,18.739,1.175,8.5,23.25,12,63.75,20,0,0,0,10,0,40,20,0,10,3,NA,NA,NA,1.5,NA,NA,NA,NA,NA,NA,NA,NA,0,0,0,0,1,0,0,0.5,0,0,1,0,0,0,1,0,0,0,1,0,0,1,0,0,0,0,0,0,0,1,0,0,364,19.15180257455
"74","Semnopithecus","Semnopithecus",0,0,1,"Semnopithecus","Catarrhini","Primates","Cercopithecidae","Semnopithecus",12679.29,108.081,687.5,NA,10685.375,1561.46,1236.919,1886,1428.919,192,NA,1.02,0.7,510.625,500,349.405,2100,3822.555,4.286,31.682,1.3,19,0,0,100,0,0,0,0,0,0,10,0,10,80,1,1600,100,1450,2,NA,NA,NA,NA,NA,NA,26.2,NA,0,0,0,0,1,0,0,0,0,1,0,0,0,1,0,0,0,1,0,0,0,1,0,0,0,0,0,1,0,0,0,0.142857142857143,122,12.0385569145475
"75","Sooretamys","Sooretamys",0,0,1,"Sooretamys","Mouse-related","Rodentia","Cricetidae","Sooretamys",120.17,1.655,194,NA,1190.531,NA,95.795,NA,128.562,29.188,NA,3.611,3.85,41.283,NA,25.724,NA,615.606,0.331,NA,NA,NA,20,0,80,20,0,0,0,0,0,20,0,20,40,4,NA,NA,NA,3,NA,NA,NA,NA,NA,NA,NA,NA,0,1,0,0,1,0,NA,NA,NA,0,1,0,0,1,0,0,1,0,0,0,0,1,0,0,0,0,0,0,0,1,0,0,15,28.1247147440527
"76","Sorex","Sorex",0,0,1,"Sorex","Soricidae","Eulipotyphla","Soricidae","Sorex",6.3,0.218,69.28,NA,818.644,330.485,305.389,335,324.5275,20.8255,6,5.918,1.9635,62.9,0.415,24.1895,5.1125,415.9205,0.529,1200,0.0015,NA,70,30,0,70,0,0,0,0,30,0,0,0,0,2,2600,900,1475,2,16,49.44,7.925,NA,0.001406949,NA,1,NA,0,0.987179487179487,0.0128205128205128,0,1,0,0.0285714285714286,0.771428571428571,0.371428571428571,0,0.102564102564103,0.897435897435897,0.128205128205128,0.871794871794872,0,0,1,0,0,0,0,0.948717948717949,0.0256410256410256,0.0256410256410256,0,0,0,0.0384615384615385,0.41025641025641,0.192307692307692,0,0.435897435897436,621,70.403948961
"77","Sotalia","Sotalia",1,0,0,"Sotalia","Whippomorpha","Cetartiodactyla","Delphinidae","Sotalia",63333.3425,680.324,2001.6535,NA,12674.8635,2191.5,2098.5035,2191.5,2300.8515,336.8255,NA,0.991,0.4525,752.221,NA,362.761,NA,5457.1785,NA,NA,NA,9,5,95,0,10,0,0,90,0,0,0,0,0,0,1,NA,NA,NA,2,NA,NA,NA,NA,NA,NA,4,NA,0,1,1,0.5,0,0,NA,NA,NA,0,0,1,0,0,1,1,0,0,0,0,0.5,0.5,0,0,0,0,0,0,0,1,0,0,132,4.80225935218051
"78","Speothos","Speothos",0,0,1,"Speothos","Caniformes","Carnivora","Canidae","Speothos",6000,41.906,687.365,NA,5146.5,344.87,319.598,365.14,412.76,67.89,8,4.13,2,248.3,157.5,101.176,NA,1559.12,15.639,0.04,NA,NA,0,100,0,0,100,0,0,0,0,0,0,0,0,1,1500,NA,NA,5,14,NA,NA,NA,NA,NA,NA,NA,0,1,0,0,1,0,0,1,0,0,0,1,0,1,0,0,1,0,0,0,0,1,0,0,0,0,0,0,0,1,0,0,39,16.6448957559513
"79","Spermophilus","Spermophilus",0,1,0,"Spermophilus","Squirrel-related","Rodentia","Sciuridae","Spermophilus",228.5,3.144,302.25,NA,2445.5,314.101,314.202,314,341.74,27.414,NA,6,1,353.663,5.7,34.393,138.135,996.028,0.471,423.39,NA,NA,20,0,80,20,0,0,0,0,0,0,0,40,40,3,2100,0,1400,1,NA,NA,NA,NA,NA,NA,NA,140,0.4,1,0,0,1,0,0,0.2,0,0.466666666666667,0.533333333333333,0,0,0,1,0,1,0,0,0,0,1,0,0,0,0,0,0,0,0,0,1,6158,18.2736129727806
"80","Stenella","Stenella",1,0,0,"Stenella","Whippomorpha","Cetartiodactyla","Delphinidae","Stenella",99999.995,780,2519.995,NA,16782.15,2673.437,2880.767,3652.5,3202.025,345.095,NA,1,0.35,1095,8529.9125,456.25,39999.995,7587.979,NA,0.21,NA,NA,60,40,0,60,0,0,40,0,0,0,0,0,0,2,NA,NA,NA,2,NA,NA,NA,NA,NA,993.27,190.5,1650,0,1,0,1,0,0,NA,NA,NA,0,0,1,0,1,0,1,0,0,0,0,1,0,0,0,1,0,0.6,0.6,1,1,0.6,0.8,509,3.15269993129025
"81","Steno","Steno",1,0,0,"Steno","Whippomorpha","Cetartiodactyla","Delphinidae","Steno",118250,817.717,2594.995,NA,17520,3194.688,3650,2739.375,2884.673,333.442,NA,1.165,0.591,765.757,NA,60.88,NA,6111.185,NA,NA,NA,NA,40,60,0,40,0,0,60,0,0,0,0,0,0,2,NA,NA,NA,2,NA,NA,NA,NA,NA,NA,30,NA,0,1,0,1,0,0,NA,NA,NA,0,0,1,0,1,0,1,0,0,0,0,1,0,0,0,1,0,1,1,1,1,1,1,9247,4.80225935258051
"82","Sus","Sus",0,0,1,"Sus","Suina","Cetartiodactyla","Suidae","Sus",102750,148.226,1493.809,NA,6205,283.18,308.59,768,436,121.744,12,5.13,1.035,331.7775,1000,105.85,6469.99,2457.6065,13.545,11.132,1.18,5,10,20,70,10,0,0,0,10,10,0,0,10,60,1,1600,0,1600,2,NA,NA,NA,NA,5.8,239.99,NA,419.99,0,1,0,0,1,0,0.75,0.5,0,0.1,0.9,0,0,1,0,0,1,0,0,0,0,0.3,0.2,0.5,0,0,0.1,0.8,0,0,0,0.1,22719,59.0034813304925
"83","Tapirus","Tapirus",1,0,0,"Tapirus","Perissodactyla","Perissodactyla","Tapiridae","Tapirus",285625,276.1285,2367.111,NA,12908.9605,987.935,956.7875,1095,1104.5305,387.5395,2,1.0015,0.6915,548.379,6228.55,291.3485,129062.18,4015,22.94,0.399,6.38,1,0,0,100,0,0,0,0,0,0,0,0,0,100,1,2875,0,2875,4,NA,NA,NA,NA,7.67,NA,1,NA,0,1,1,0,1,0,0.25,0.25,0,1,0,0,0.875,0.125,0,0,1,0,0,0,0,1,0,0,0,0,0,0.125,0.125,0.375,0,0,141,44.4446012678125
"84","Trachypithecus","Trachypithecus",0,0,1,"Trachypithecus","Catarrhini","Primates","Cercopithecidae","Trachypithecus",7604.75,86.221,667.5,NA,9654.25,1460,1460.928,NA,1565.086,168.203,NA,1.031,0.648,538.362,444.665,365,1100,4015,3.235,28.6415,0.145,10.5,0,0,100,0,0,0,0,0,0,30,0,0,70,2,1750,30,2000,1,NA,NA,NA,NA,0.3,NA,13.3,NA,0,0,0,0,1,0,0.375,0.5,0,0.941176470588235,0.0588235294117647,0,0,0,1,0,0,0,1,0,0,0.875,0.125,0,0,0,0,0.823529411764706,0,0,0,0,198,12.0385565658375
"85","Tursiops","Tursiops",1,0,0,"Tursiops","Whippomorpha","Cetartiodactyla","Delphinidae","Tursiops",185575,1445.7615,3443.4325,NA,19345,3949.475,3206.63,3862.5,2738.625,365,NA,1,0.5,1095,19350,577.429,NA,6799.8815,NA,0.2,52.77,10,20,80,0,20,0,0,80,0,0,0,0,0,0,2,NA,NA,NA,2,NA,NA,NA,NA,84.99,964.455,35.5,NA,0,1,0,1,0,0,NA,NA,NA,0,0,1,0,0,1,1,0,0,0,0,1,0,0,0,1,0,1,1,0,0.5,0.5,0.5,1579,5.23092553583051
"86","Vicugna","Vicugna",1,0,0,"Vicugna","Camelidae","Cetartiodactyla","Camelidae","Vicugna",50000,198,1737.5,NA,22435.333,941.19,730,730,1140.62,345.45,NA,1,0.7,547.375,5841.67,213.052,NA,3674.847,9.115,3.1,0.12,NA,0,0,100,0,0,0,0,0,0,0,0,0,100,1,5000,3000,2000,4,NA,NA,NA,NA,0.13,NA,NA,NA,0,1,0,0,1,0,0,1,0,1,0,0,0,0,1,0,1,0,0,0,0,1,0,0,0,0,0,0,0,1,0,0,306,18.8543909871563
"87","Vulpes","Vulpes",1,1,0,"Vulpes","Caniformes","Carnivora","Canidae","Vulpes",2700,29.6615,553.465,NA,5584.5,365,350.6235,304,365,53.35,8,4.44,1,364.75,60.4975,49.605,1457,1800.341,3.12,0.755,6.345,NA,20,70,10.5,20,55,0,0,0,0,0,0,0,0,2,3000,0,2850,2,14.52,1370.7,2644,157.5,6.945,111.7,NA,300,0,1,0,0.0833333333333333,1,0,0,0.8,0,0,0.583333333333333,0.416666666666667,0.75,0.166666666666667,0.0833333333333333,0,1,0,0,0,0,1,0,0,0.5,0,0.0833333333333333,0.25,0.333333333333333,0,0,0.666666666666667,5541,28.5166244599625
